 INSERT INTO aluno
 VALUES ("202201","valeria",NULL,"2020-05-01","1995-03-06","08"),
        ("202202", "Luis gabriel",NULL,"2021-09-01","1986-08-15","10"),
        ("202203", "Debora costa", "Gean luca","2022-01-03", "1990-06-17","02"),
	    ("202204" ," Carlo Andre" , "Andrea silva","2021-06-03","1987-12-06","02"),
        ("202205", " Vitoria Douglas" ,NULL ,"2021-05-16","1985-06-18","01");
   
INSERT INTO turma
VALUES ("2","202102","2","8","presencial","Polo cristo rei","Lab-04");

INSERT INTO turma_aluno
VALUES (2, 202102, 202201, '2022-01-01', NULL),
       ("2","202102",202202, '2022-02-03',NULL), 
       ("2","202102",202203, '2022-03-04',NULL),
       ("2","202102",202204, '2022-01-10',NULL),
       ("2","202102",202205, '2022-03-17',NULL);

INSERT INTO atividade_avaliativa 
VALUES ("2","202102","01","AV1",6.5),
       ("2","202102","02","AV2","1.0"),
       ("2","202102","03","AV3","1.5");


INSERT INTO nota_aluno
VALUES 
       ("2","202102","02", "202201", "0.5",NULL),
       ("2","202102","03", "202201", "1.0" ,NULL),
       ("2","202102","01", "202202", "0.0",NULL),
       ("2","202102","02", "202202", "1.0",NULL),
       ("2","202102","03", "202202", "1.0",NULL),
       ("2","202102","01", "202203", "6.0",NULL),
       ("2","202102","02", "202203", "0.5",NULL),
       ("2","202102","03", "202203", "0.0",NULL),
       ("2","202102","01", "202204", "6.5",NULL),
       ("2","202102","02", "202204", "0.5",NULL),
       ("2","202102","03", "202204", "1.5",NULL),
       ("2","202102","01", "202205", "3.0",NULL),
       ("2","202102","02", "202205", "0.2",NULL),
       ("2","202102","03", "202205", "0.8",NULL);
       


